<RSAKeyValue><Modulus>iVah+aKbJyrVZu1XDrcjP6+TjfnxXmP7ZKJTAJ4m5GIj/XD+LaYZ/WoNqvEqgZKXusZ1YQG2X3nfxqB0YcsYwuESJOnDO8s45xu6u9vCFmI51OBKiqq0prDG4l08oWH01RG+Lu/Ii9kCaKXWKcCwh0W4EFo5FJYr6XVSC0TQX38=</Modulus><Exponent>AQAB</Exponent><P>vybPN1U4DCSU9hSZLcRWp3D5qNy/hWcwu+CpPPIEQ0tRWQeM8FSQIbe41e90jG2cYbCWoQdTwgSB2/fb4hXZtQ==</P><Q>t+49Sz+dQF/8bNZhYnED7LA+npxfWJiea9Qn8ttM6IxkTMsxnTzAXysIR2kEqDM478p2OuYA2tt8a/EuG9OE4w==</Q><DP>jjTdLBkmHUKJ35jrbHUI0oDl+45enWxrgRpeTYzvRvEdj9JiM9l1cOAxjlcaqe5RzQuGxD2jPlAEHBWFa+k9kQ==</DP><DQ>Nkib0m+N64foqf6Dc1hDfkFt2cXw5eb1KoHM4IIUqrV0jK2TkQJzDCNZKCo4c6Pac/re9fcX3X/Vss3Ve+TrXQ==</DQ><InverseQ>hKGye1l7yVCPT8qLQfy0iY/vsqDl8u6JXFJ99SbSOOFAFhx20ubcuPnAtpTpkdO9vHveO/38QIsjtVKBeYqXUA==</InverseQ><D>UXjhMdQysnOIkTyu7n3aHUetAwaJF3O8iKB7GNy5Oba2nvzO7Imi1WB6pzPWAXPTKuvcaiW36L/F7nD1WaZAE00q5bUgI5F6rXerV4HYBPloRE2rvoV7qnkYDLSlWjIf6Kn+y3aYSU4nyR0BYyBTlz/Kii38BfCABw2zQxyqoTE=</D></RSAKeyValue>