<?xml version="1.0" encoding="utf-8"?>
<license id="e8235e11-60ee-409e-9fc1-4b6ed8869df3" expiration="2018-05-09T00:00:00.0000000" type="Trial">
  <name>test01</name>
  <Signature xmlns="http://www.w3.org/2000/09/xmldsig#">
    <SignedInfo>
      <CanonicalizationMethod Algorithm="http://www.w3.org/TR/2001/REC-xml-c14n-20010315" />
      <SignatureMethod Algorithm="http://www.w3.org/2000/09/xmldsig#rsa-sha1" />
      <Reference URI="">
        <Transforms>
          <Transform Algorithm="http://www.w3.org/2000/09/xmldsig#enveloped-signature" />
        </Transforms>
        <DigestMethod Algorithm="http://www.w3.org/2000/09/xmldsig#sha1" />
        <DigestValue>t1WhpijNK6H1WbJkCrZC/ZV8R1g=</DigestValue>
      </Reference>
    </SignedInfo>
    <SignatureValue>IL3mvIlTeakRqseTyG0WDfTyZQtu30Hjxm5gzUth6ldEPebmwk2UMeCc7rNPg6IsSk6jjQkmgoAcH2CSXPI+08SLm/s4jUDcfOBKpuw892ZlE6T0PUmNSIVR0TzjFVSQLLp6VVw4soeuq+quhMeMlHdFLmiRIa30C1FGnFmzchM=</SignatureValue>
  </Signature>
</license>