<?xml version="1.0"?>
<doc>
    <assembly>
        <name>Caliburn.Windsor</name>
    </assembly>
    <members>
        <member name="T:Caliburn.Windsor.ProxyActivator">
            <summary>
            An <see cref="T:Castle.MicroKernel.IComponentActivator"/> that adds proxy capabilities.
            </summary>
        </member>
        <member name="M:Caliburn.Windsor.ProxyActivator.Instantiate(Castle.MicroKernel.CreationContext)">
            <summary>
            Instantiates the specified context.
            </summary>
            <param name="context">The context.</param>
            <returns></returns>
        </member>
        <member name="T:Caliburn.Windsor.ProxyBehaviorContributor">
            <summary>
            An <see cref="T:Castle.MicroKernel.ModelBuilder.IContributeComponentModelConstruction"/> that adds proxy capabilities.
            </summary>
        </member>
        <member name="M:Caliburn.Windsor.ProxyBehaviorContributor.ProcessModel(Castle.MicroKernel.IKernel,Castle.Core.ComponentModel)">
            <summary>
            Usually the implementation will look in the configuration property
            of the model or the service interface, or the implementation looking for
            something.
            </summary>
            <param name="kernel">The kernel instance</param>
            <param name="model">The component model</param>
        </member>
        <member name="T:Caliburn.Windsor.ProxyBehaviorFacility">
            <summary>
            An implementation of <see cref="T:Castle.MicroKernel.IFacility"/> that adds proxy capabilities.
            </summary>
        </member>
        <member name="M:Caliburn.Windsor.ProxyBehaviorFacility.Init">
            <summary>
            The custom initialization for the Facility.
            </summary>
            <remarks>It must be overriden.</remarks>
        </member>
        <member name="T:Caliburn.Windsor.WindsorAdapter">
            <summary>
            An adapter allowing an <see cref="T:Castle.Windsor.IWindsorContainer"/> to plug into Caliburn via <see cref="T:Microsoft.Practices.ServiceLocation.IServiceLocator"/> and <see cref="T:Caliburn.Core.IoC.IRegistry"/>.
            </summary>
        </member>
        <member name="M:Caliburn.Windsor.WindsorAdapter.#ctor(Castle.Windsor.IWindsorContainer)">
            <summary>
            Initializes a new instance of the <see cref="T:Caliburn.Windsor.WindsorAdapter"/> class.
            </summary>
            <param name="container">The _container.</param>
        </member>
        <member name="M:Caliburn.Windsor.WindsorAdapter.DoGetInstance(System.Type,System.String)">
            <summary>
            When implemented by inheriting classes, this method will do the actual work of resolving
            the requested service instance.
            </summary>
            <param name="serviceType">Type of instance requested.</param>
            <param name="key">Name of registered service you want. May be null.</param>
            <returns>
            The requested service instance.
            </returns>
        </member>
        <member name="M:Caliburn.Windsor.WindsorAdapter.DoGetAllInstances(System.Type)">
             <summary>
            When implemented by inheriting classes, this method will do the actual work of
            resolving all the requested service instances.
             </summary>
             <param name="serviceType">Type of service requested.</param>
             <returns>
             Sequence of service instance objects.
             </returns>
        </member>
        <member name="M:Caliburn.Windsor.WindsorAdapter.WithProxyFactory``1">
            <summary>
            Installs a proxy factory.
            </summary>
            <typeparam name="T">The type of the proxy factory.</typeparam>
            <returns>
            A container with an installed proxy factory.
            </returns>
        </member>
        <member name="P:Caliburn.Windsor.WindsorAdapter.Container">
            <summary>
            Gets the container.
            </summary>
            <value>The container.</value>
        </member>
    </members>
</doc>
